command,mean,stddev,median,user,system,min,max
savilerow,0.20142612846666666,0.007785384766914759,0.20072175180000001,0.5756904533333334,0.037595446666666664,0.19401686680000002,0.20953976680000003
conjureoxide,6.174639466466666,0.01573474888896477,6.180321194799999,6.132262453333333,0.021393446666666666,6.1568530078,6.186744196799999
