command,mean,stddev,median,user,system,min,max
savilerow,0.3274568663333334,0.006274749047791994,0.33106735400000004,0.8192117333333333,0.052658633333333336,0.320211424,0.33109182100000006
conjureoxide,6.2160661059999995,0.06041399759600474,6.185611965,6.170788066666667,0.020154966666666663,6.176940071,6.285646282
