command,mean,stddev,median,user,system,min,max
savilerow,1.96160585334,0.02816965125992759,1.94740176934,2.4427594066666662,0.07759490000000001,1.9433659883400003,1.9940498023400002
conjureoxide,7.604982803673333,0.0676543718045734,7.58434159334,7.53085374,0.0493419,7.550053356339999,7.68055346134
