command,mean,stddev,median,user,system,min,max
savilerow,0.7042214866533335,0.01112084443548156,0.7036953493200001,1.23443028,0.07743146,0.6933730493200001,0.7155960613200001
conjureoxide,11.317257736986669,0.006919133478509419,11.31902971232,11.19291828,0.09164679333333332,11.30962493632,11.323118562320001
